Name,Flux_70
G010.0997+00.7396,185.493000
G010.1431-00.4234,35.182000
G010.1850-00.3960,133.636000
G010.1880-00.3162,269.462000
G010.1960-00.4265,32.494000
G010.2218-00.2945,14.664000
G010.2340-00.2890,27.838000
G010.3207-00.2329,151.725000
G010.3930+00.5389,85.443000
G010.4718+00.0206,17.387000
G010.4984-00.7706,3.124000
G010.5956-00.8740,10.185000
G010.6235-00.3834,7851.370000
G010.6291-00.3385,523.315000
G010.8856+00.1221,231.309000
G011.0064+00.9220,3.658000
G011.0340+00.0629,415.311000
G011.0454-00.0670,1.897000
G011.1109-00.4001,483.051000
G011.1161+00.0514,56.440000
G011.1723-00.0656,102.357000
G011.1783+00.2937,1.043000
G011.2687-00.8410,6.910000
G011.2907+00.1523,1.374000
G011.3743-00.8503,29.582000
G011.3763-00.0216,4.727000
G011.5602+00.0873,119.237000
G011.6344-00.0647,69.069000
G011.7438-00.6502,2.812000
G011.7527+01.2362,1.545000
G011.7588-00.1502,59.390000
G011.8010-00.0834,4.075000
G011.9373-00.6165,1985.390000
G011.9454-00.0373,622.479000
G011.9509-00.1615,1.491000
G011.9920-00.2731,85.282000
G012.0260-00.0317,122.121000
G012.1177+01.1966,7.813000
G012.2850+00.1031,8.621000
G012.3739-00.0351,20.405000
G012.3821-00.3028,5.044000
G012.5932-00.5708,21.381000
G012.7232-00.1209,31.185000
G012.7589+00.8954,52.613000
G012.7720+00.3038,2.620000
G012.7879-00.1786,110.747000
G012.8062-00.1987,2856.600000
G012.8170-00.2479,41.079000
G012.8172-00.0934,1.849000
G012.8296-00.1719,44.266000
G012.8600-00.2737,429.399000
G012.9090-00.2607,2429.590000
G013.0105-00.1267,21.846000
G013.1885+00.0395,98.173000
G013.2097-00.1436,526.139000
G013.2857+00.5723,0.627000
G013.3310-00.0407,22.182000
G013.6313+00.1937,95.068000
G013.6562-00.5997,537.326000
G013.8315-00.3047,0.756000
G013.8770+00.2811,68.696000
G013.9090-00.0622,3.270000
G013.9907-00.1343,58.118000
G014.0334-00.6594,3.678000
G014.1742+00.0226,77.945000
G014.2071-00.1105,86.137000
G014.3313-00.6397,672.199000
G014.3909-00.0216,76.329000
G014.4335-00.6969,103.967000
G014.4797-00.1091,75.179000
G014.5304+00.1601,3.544000
G014.5982+00.0202,58.142000
G014.6087+00.0127,246.244000
G014.7783-00.3326,69.896000
G015.0056-00.7903,39.093000
G015.0261-00.8338,32.467000
G015.0693+00.2026,24.727000
G015.0915-00.6305,257.309000
G015.0939+00.1913,63.588000
G015.1221-00.8147,8.877000
G015.1288-00.6717,566.923000
G015.1308-00.5298,27.852000
G015.1834-00.1621,124.264000
G015.3590-00.6549,3.766000
G015.4051-00.0656,2.968000
G015.4528-00.8582,6.404000
G015.5489-01.0064,24.775000
G015.6546+01.2903,4.471000
G015.7987-00.0060,13.361000
G015.8658-01.1432,2.275000
G016.1169-00.2903,148.530000
G016.1407-00.7895,1.801000
G016.3320+00.0472,15.954000
G016.3985-00.7737,0.667000
G016.7116-00.2969,6.636000
G016.7981+00.1264,79.579000
G016.9261+00.2854,32.261000
G016.9290+00.9115,3.432000
G016.9440-00.0736,548.107000
G016.9512+00.7806,70.224000
G016.9747-00.0293,19.974000
G016.9982+01.0853,6.878000
G017.0666+00.6826,36.371000
G017.1141-00.1130,157.037000
G017.1488-00.0847,55.281000
G017.2059-01.0971,5.779000
G017.2893-00.1982,48.778000
G017.3629-00.0391,3.348000
G017.6380+00.1566,3863.850000
G017.7461-00.3684,3.214000
G017.9272+00.6332,146.426000
G017.9944-00.4023,1.738000
G018.0544+00.9843,1.360000
G018.1798-00.3873,6.210000
G018.2405-00.9155,5.982000
G018.2680-00.2955,17.515000
G018.2750-00.2890,28.590000
G018.2955+00.4291,22.994000
G018.3029-00.3910,629.021000
G018.3706-00.3818,84.537000
G018.4608-00.0034,947.607000
G018.6260+01.0963,0.659000
G018.6556-00.0590,348.612000
G018.6731-00.2380,48.472000
G018.7104+00.0001,163.048000
G018.7448+00.2515,52.146000
G018.7506+00.2549,6.463000
G018.7506+01.5136,4.169000
G018.7621+00.2634,143.792000
G018.7683+00.3016,30.769000
G018.8246-00.4673,126.398000
G018.8330-00.3004,403.025000
G018.9128+01.4288,3.695000
G019.1171-00.3348,38.804000
G019.2086-00.9527,19.174000
G019.3643-00.0292,278.446000
G019.4902+00.1350,252.837000
G019.5534-00.1720,2.765000
G019.6074+00.2531,1.999000
G019.6085-00.2357,3692.750000
G019.6091-00.1375,129.659000
G019.6095+01.1873,6.810000
G019.6803-00.1278,93.323000
G019.7268-00.1132,163.469000
G019.7540-00.1279,380.894000
G019.8350+00.4222,22.734000
G019.8922+00.1023,86.504000
G019.9224-00.2577,39.760000
G019.9386-00.2079,30.882000
G020.0722-00.1419,148.687000
G020.0801-00.1360,1731.410000
G020.0907+00.4861,3.396000
G020.0975-00.1220,52.055000
G020.1202+01.1779,0.207000
G020.2309-00.3173,11.214000
G020.4320+00.3571,79.337000
G020.4328-00.3439,11.826000
G020.4680+00.6794,9.734000
G020.5655+00.9477,0.575000
G020.5703-00.8017,14.451000
G020.5918+00.4194,2.233000
G020.6345-00.4814,4.336000
G020.6724-00.1387,18.421000
G020.6796+00.0841,55.107000
G020.7121-00.0754,88.594000
G020.7124-00.0945,9.325000
G020.7321-00.0887,18.717000
G020.8543+00.4859,33.276000
G020.9561-00.8804,3.098000
G021.0440-00.3782,7.300000
G021.1164+00.7775,4.259000
G021.1653+00.4756,10.786000
G021.3424-00.8425,1.809000
G021.3853-00.2537,551.570000
G021.4127+00.0736,4.245000
G021.4566+00.4911,37.601000
G021.4859+00.5260,0.579000
G021.5020-01.0315,1.616000
G021.5624-00.0329,142.884000
G021.6654+00.8110,5.901000
G022.0425-00.6084,10.839000
G022.1358-00.3896,2.110000
G022.4171+00.6208,5.887000
G022.7297-00.2399,25.962000
G022.7586-00.4815,19.509000
G022.7601-00.2452,35.151000
G022.8274-00.2515,7.878000
G022.9815-00.3711,39.406000
G023.1563-00.3216,56.125000
G023.2426-00.2398,23.180000
G023.3891+00.1851,247.282000
G023.4017-00.2169,119.952000
G023.4183-00.3939,61.484000
G023.4984-00.0373,5.780000
G023.6566-00.1273,166.828000
G023.8176+00.3841,74.859000
G023.8210-00.5788,8.258000
G023.8891-00.7379,17.268000
G023.8983+00.0648,195.405000
G023.9548+00.1494,337.139000
G024.0541+00.3297,0.419000
G024.1260+00.3369,0.734000
G024.1546+00.1627,109.324000
G024.2216-00.0428,48.722000
G024.3854+00.2867,7.040000
G024.5076-00.2222,458.532000
G024.5814+00.2245,2.534000
G024.6343-00.3233,108.434000
G024.6687-00.1672,162.674000
G024.6691-00.4595,29.384000
G024.6773+00.5491,14.300000
G024.6924+00.2347,12.435000
G024.7162-00.0389,15.322000
G024.7357+00.0859,4.674000
G024.7832+00.5691,2.294000
G024.7891+00.0846,1419.790000
G024.7989+00.0969,256.276000
G024.8107+00.3060,5.885000
G025.1664+00.5233,6.571000
G025.2564+00.2472,12.638000
G025.2750+00.3061,20.184000
G025.2876+00.3161,17.849000
G025.2933+00.2855,4.653000
G025.3058+00.5308,138.395000
G025.3820-00.1813,2050.540000
G025.3981+00.5617,406.125000
G025.3990-00.1688,169.734000
G025.4369+00.1217,3.291000
G025.4379+00.4168,45.098000
G025.4608-00.2098,218.039000
G025.4948-00.2879,5.463000
G025.5014-00.5150,6.048000
G025.5470-00.0529,35.317000
G025.6009+01.1444,0.855000
G025.6498+01.0491,1262.680000
G025.7161+00.0486,182.299000
G025.7647+00.2087,61.742000
G025.7667+00.2160,37.695000
G025.8015-00.1570,486.195000
G025.9823+01.4624,9.086000
G026.0552+00.5421,30.631000
G026.0905-00.0578,165.035000
G026.1094-00.0944,175.915000
G026.2020+00.2262,6.971000
G026.2092-00.5896,11.576000
G026.2110-00.5137,50.859000
G026.3050+00.1162,8.015000
G026.3176-00.0134,60.834000
G026.4283-00.0439,7.886000
G026.4897-00.5455,59.636000
G026.5436+00.6175,405.457000
G026.5881+00.0926,54.824000
G026.5972-00.0241,256.892000
G026.6085-00.2122,217.850000
G026.7065-00.4598,1.482000
G027.1472-00.1431,1.433000
G027.2220+00.1361,110.482000
G027.2629+00.1977,8.368000
G027.2703+00.1488,73.699000
G027.2788+00.2094,1.369000
G027.2804+00.1438,235.588000
G027.4938+00.1893,306.318000
G027.5027+00.1956,64.076000
G027.5618+00.0828,101.365000
G027.5762-00.8533,19.137000
G027.6555+00.4289,1.456000
G027.6594-00.3838,1.770000
G027.6672-00.0548,1.524000
G027.7021+00.7045,11.813000
G027.7571+00.0500,125.975000
G027.7954-00.2772,97.251000
G028.0035-00.0109,21.672000
G028.0692+00.2513,2.520000
G028.2325+00.0394,36.246000
G028.2461+00.0134,369.627000
G028.3199+01.2440,76.303000
G028.3271+00.1617,232.124000
G028.3373+00.1189,172.643000
G028.4024-00.3810,8.715000
G028.6520+00.0271,306.409000
G028.6874+00.1772,193.692000
G028.6976+00.0437,2.313000
G028.7034+00.0394,16.206000
G028.8115+00.1909,29.179000
G028.8141+00.2441,12.291000
G028.8170+00.3663,156.652000
G028.8182+00.2483,6.644000
G028.8621+00.0657,1736.900000
G028.9773-00.6081,32.414000
G029.2113-00.0690,19.590000
G029.4132-00.7907,11.471000
G029.4332+00.1542,13.463000
G029.4375-00.1741,27.533000
G029.5843+00.1143,8.742000
G029.5867-00.6598,36.562000
G029.5904-00.6144,37.249000
G029.6192-00.5984,41.247000
G029.8288-00.1568,13.643000
G029.8390-00.0980,16.921000
G029.8620-00.0444,382.210000
G029.8741-00.8190,15.290000
G029.9048-00.0682,4.201000
G029.9107-00.0553,15.307000
G029.9564-00.0174,5146.170000
G030.0908-00.6866,154.934000
G030.1502+00.1237,15.988000
G030.1981-00.1691,284.706000
G030.2340-00.1392,31.640000
G030.2531+00.0536,214.593000
G030.3101-00.2142,41.077000
G030.3782+00.1068,88.441000
G030.3830-00.1099,669.122000
G030.3941-00.7061,43.833000
G030.4117-00.2277,86.606000
G030.5345+00.0209,813.409000
G030.5889-00.0426,1022.430000
G030.5942-00.1273,36.264000
G030.6453-00.0777,26.163000
G030.6671-00.3316,106.463000
G030.6743-00.2364,48.868000
G030.6877-00.0729,432.163000
G030.6931-00.0474,207.056000
G030.6989-00.0235,182.208000
G030.7092-00.0177,203.418000
G030.7147+00.4264,13.305000
G030.7206-00.0826,740.303000
G030.7242-00.0614,158.756000
G030.7656+00.0156,21.659000
G030.8053-00.0403,117.330000
G030.8295-00.1008,84.986000
G030.8667+00.1141,1035.520000
G030.8825+00.0739,67.590000
G030.9223+00.2740,7.372000
G030.9281-00.0308,17.766000
G030.9441+00.0350,150.717000
G030.9648+00.9162,0.706000
G030.9727+00.5620,54.384000
G031.0494+00.4698,67.715000
G031.0606+00.0928,153.308000
G031.2430-00.1108,1011.250000
G031.6617+00.3667,46.417000
G031.7438+00.8967,1.722000
G031.8237-00.1131,47.509000
G031.9844-00.4849,16.640000
G032.0301+00.0495,171.829000
G032.0451+00.0589,661.295000
G032.0518-00.0902,32.624000
G032.0584+00.0769,0.749000
G032.1300+00.9353,3.404000
G032.1514+00.1317,508.786000
G032.2718-00.2260,278.165000
G032.4727+00.2041,229.594000
G032.5484-00.4737,5.501000
G032.5834-00.3323,9.996000
G032.6133+00.7973,9.462000
G032.7494-00.0638,105.555000
G032.7946+00.2053,10.699000
G032.7977+00.1903,3792.900000
G032.8276-00.3152,62.787000
G032.9275+00.6063,268.886000
G033.0083+00.5420,3.046000
G033.0225+00.2788,1.338000
G033.1102-00.0938,38.388000
G033.2031-00.0102,170.455000
G033.2880+00.8684,3.790000
G033.3891+00.1989,60.290000
G033.3933+00.0100,112.978000
G033.4178-00.0038,165.161000
G033.4544-00.6150,28.166000
G033.5237+00.0198,76.678000
G033.5681-00.3840,14.451000
G033.6048+01.1866,1.686000
G033.6437-00.2596,4.628000
G033.6657+00.5833,1.549000
G033.7539-00.8131,2.913000
G033.8104-00.1869,739.563000
G033.8728-00.3350,14.329000
G033.9062-00.0437,25.689000
G033.9148+00.1093,1439.190000
G034.0126-00.2832,31.959000
G034.0500-00.2977,7.177000
G034.0886+00.4349,92.979000
G034.1323+00.4709,515.977000
G034.4200-00.3180,5.854000
G034.5964-01.0292,44.798000
G034.6243-00.1300,69.985000
G034.6289+01.2884,0.718000
G034.7123-00.5946,309.434000
G034.7569+00.0247,153.888000
G034.8211+00.3519,283.332000
G034.8615+00.7590,4.929000
G034.8625-00.0629,9.196000
G034.8630-00.9462,9.266000
G034.9234-00.0500,21.606000
G035.0528-00.5180,232.514000
G035.1979-00.7427,2458.800000
G035.3449+00.3474,119.583000
G035.3458+00.2124,5.383000
G035.4052+00.3200,43.745000
G035.4467+00.9592,0.845000
G035.4672+00.1381,1297.390000
G035.4720-00.4364,30.216000
G035.5423+00.0038,14.580000
G035.5736+00.0678,395.177000
G035.5789-00.0304,1570.520000
G035.5804-00.3330,8.052000
G035.6695-00.0467,83.352000
G035.9489-00.1471,116.280000
G036.1214-00.4827,2.468000
G036.5664+00.0180,3.562000
G036.8780-00.4728,96.230000
G036.9886-00.4185,1.565000
G037.1185-00.8473,16.018000
G037.2772-00.2258,175.699000
G037.3506+01.0547,18.735000
G037.3566-00.2307,88.662000
G037.4327-00.4207,0.705000
G037.4974+00.5301,250.972000
G037.5450-00.1118,537.804000
G037.5536+00.2008,865.052000
G037.6390-00.1054,136.045000
G037.7638-00.2010,99.774000
G037.8730-00.3991,2337.210000
G037.9108+00.7883,4.841000
G037.9595+00.4535,9.133000
G038.2577-00.0733,47.011000
G038.3543-00.9519,31.221000
G038.5497+00.1636,92.594000
G038.5845-00.7056,0.445000
G038.6462-00.2260,94.963000
G038.6930-00.4522,145.017000
G038.8750+00.3088,256.573000
G038.9365-00.4592,63.523000
G038.9851+00.0507,1.599000
G039.1953+00.2254,132.776000
G039.2731-00.0440,44.941000
G039.4320+01.0442,0.948000
G039.4943-00.9933,204.704000
G039.7279-00.3974,84.582000
G039.8651+00.6474,97.632000
G039.8821-00.3457,382.565000
G039.9018-01.3513,225.684000
G040.0175-00.1193,60.204000
G040.1645+00.2963,7.821000
G040.2605-00.2746,2.426000
G040.2793+00.3766,10.944000
G040.5967-00.7188,110.679000
G040.6225-00.1377,849.828000
G041.0780-00.6365,16.229000
G041.1207-00.1062,44.958000
G041.1331+00.1307,61.475000
G041.3780+00.0350,236.649000
G041.5130-00.1412,109.130000
G041.7410+00.0972,340.992000
G042.1099-00.4466,219.172000
G042.1606+00.6080,13.734000
G042.2396+00.3434,66.251000
G042.3083-00.1324,24.643000
G042.6040+00.0666,24.853000
G043.0281+00.1406,11.456000
G043.1497+00.0272,176.867000
G043.1650-00.0285,1844.320000
G043.1679+00.0095,5074.020000
G043.1724+00.0004,751.352000
G043.1770-00.5187,401.432000
G043.1824-00.0260,246.643000
G043.2945-00.6451,2.929000
G043.3061-00.2106,474.862000
G043.7619+00.5138,5.114000
G043.7955-00.1275,2212.670000
G043.8152-00.1172,15.214000
G043.8846-01.0195,2.823000
G043.8861-00.7970,3.959000
G043.8896-00.7835,546.890000
G043.9956-00.0111,261.327000
G044.2404+00.3090,2.559000
G044.2836-00.5249,97.027000
G044.3103+00.0416,447.215000
G044.7991+00.6608,22.338000
G045.0711+00.1325,3784.650000
G045.1221+00.1323,3747.010000
G045.1253+00.1127,33.328000
G045.1894-00.4387,143.688000
G045.4297+00.0511,9.911000
G045.4641+00.0284,132.136000
G045.4782+00.1323,851.270000
G046.0166+00.2644,12.473000
G046.2776-00.9429,3.221000
G046.4993-00.2421,5.762000
G047.0573-00.7213,2.760000
G047.6884-00.3021,3.041000
G047.9002+00.0671,20.944000
G048.3202-00.0084,1.325000
G048.5891+00.0424,103.617000
G048.7179+01.1504,28.688000
G048.9624-00.2977,26.550000
G049.0114-00.4203,14.278000
G049.0121-00.3362,20.451000
G049.0154-00.2777,36.221000
G049.0431-01.0787,162.397000
G049.0618-00.2858,17.024000
G049.0707-00.3000,19.917000
G049.0783-00.3739,222.074000
G049.0859-00.3849,39.865000
G049.2015-00.1876,33.889000
G049.2869-00.8201,2.918000
G049.2982-00.0582,17.700000
G049.3478-00.3331,29.649000
G049.4673-00.3842,338.622000
G049.4903-00.3694,7547.890000
G049.4970-00.4718,84.712000
G049.5347-00.3780,114.851000
G049.5531-00.3302,157.479000
G049.5722-00.2737,74.546000
G049.5757-00.3519,235.730000
G049.5933-00.4571,11.998000
G049.5993-00.2488,84.305000
G049.6894-00.3346,3.191000
G049.6945+00.8642,80.728000
G049.9983+00.0845,4.160000
G050.0458+00.7692,77.290000
G050.1151+00.0508,0.424000
G050.2213-00.6063,260.467000
G050.3728+00.4784,1.608000
G050.4802+00.7058,81.052000
G050.5557+00.0448,17.734000
G050.7796+00.1520,53.451000
G051.5099+00.1677,10.301000
G051.6783+00.7190,542.298000
G051.6848-00.2591,7.555000
G051.8042-00.2247,16.950000
G051.8346+00.2837,4.682000
G051.9286+00.5785,16.266000
G052.2078+00.6890,71.088000
G052.5405-00.9272,50.951000
G052.5814+00.2014,4.726000
G052.9217+00.4142,61.245000
G052.9221-00.4892,59.978000
G053.1417+00.0705,352.440000
G053.1659-00.2473,105.010000
G053.1865+00.2093,117.254000
G053.1867+00.1622,97.951000
G053.1969+00.1483,20.808000
G053.5343-00.7943,37.936000
G053.5671-00.8653,49.533000
G053.6302-00.2391,36.252000
G054.0926-00.0693,174.523000
G054.0954-00.0598,59.671000
G054.9492+00.7354,42.849000
G055.2586+00.5159,52.691000
G055.3704+00.1858,454.359000
G055.5067-00.5579,13.067000
G055.9966-00.0848,46.577000
G056.3694-00.6333,105.059000
G056.4095-00.3083,26.340000
G056.4120-00.0277,27.129000
G057.3283+00.5849,1.674000
G057.5494+01.2169,2.787000
G057.8126+01.4597,2.291000
G059.1886+00.1053,14.556000
G059.3614-00.2068,134.311000
G059.4657-00.0457,10.211000
G059.4784-00.8969,6.783000
G059.6403-00.1812,105.223000
G059.7005+00.9631,51.348000
G059.7654-00.0269,102.712000
G059.7831+00.0648,1303.560000
G059.7924+00.2368,25.206000
G059.8237-00.5357,3.256000
G059.9997+00.1167,32.947000
G060.4776+01.5907,5.330000
G060.5750-00.1861,274.009000
G060.8716-00.1072,323.019000
G060.9134-01.0561,14.838000
G061.2108+00.6192,4.030000
G061.7201+00.8630,219.331000
G061.8443-00.5649,47.785000
G063.1140+00.3416,84.550000
G063.1264+00.4444,172.552000
G064.1338-00.4602,91.954000
G064.1528+01.2817,102.017000
G064.8131+00.1743,202.769000
G065.6705-00.7365,4.438000
G289.4993+00.1231,23.017000
G289.5787-00.6388,120.515000
G289.7706-01.2332,18.356000
G289.8794-00.7979,1001.300000
G289.8985-00.7986,26.093000
G290.2292-00.8311,64.919000
G290.6874-00.3083,37.865000
G291.0670-00.7941,233.366000
G291.2725-00.7198,6694.310000
G291.2731-00.7101,3597.510000
G291.3213-00.7465,25.752000
G291.5596-00.4146,144.503000
G291.5646-00.6211,8.306000
G291.5874-00.5051,198.388000
G291.5924-00.6488,1.019000
G291.5954-00.6414,16.678000
G291.5956-00.5598,98.752000
G291.6045-00.6027,13.115000
G291.6105-00.5300,1540.800000
G291.6181-00.6573,13.480000
G291.6212-00.4382,105.739000
G291.6386-00.4086,0.057000
G291.6455-00.4646,74.197000
G291.6657-00.4413,32.399000
G291.6960-00.4599,34.122000
G291.6978-00.5397,104.522000
G291.7202-00.5391,28.438000
G292.7329-00.2482,7.048000
G292.8889-01.2023,17.157000
G293.0352-00.7871,65.297000
G293.1266-00.0739,5.043000
G293.4510+00.0670,5.979000
G293.5607-00.6703,64.389000
G293.6201-01.6117,3.378000
G293.8947-00.7825,40.659000
G293.9512-00.8941,539.226000
G293.9570-01.0123,22.099000
G293.9931-00.9309,68.522000
G294.2815-01.9124,1.386000
G294.9725-01.7290,1315.910000
G294.9845-00.5363,51.695000
G294.9895-01.7186,699.292000
G295.1523-00.5890,110.882000
G295.1750-00.5737,252.638000
G295.3604-00.4955,8.877000
G295.4550+00.0311,0.855000
G295.4661-00.1870,8.748000
G295.4805-00.4454,17.611000
G295.8065-01.8214,56.607000
G296.2654-00.3901,14.148000
G296.7935-00.4756,8.279000
G296.8926-01.3050,54.840000
G297.1390-01.3510,29.797000
G297.2535-00.7557,100.131000
G297.4701-00.7343,33.501000
G297.6252-00.9043,58.511000
G297.6605-00.9745,755.584000
G298.1829-00.7860,1141.360000
G298.1964-00.2513,11.948000
G298.2046-00.3597,169.353000
G298.2493-00.3536,32.667000
G298.3323-00.2200,9.077000
G298.6823+00.1320,2.949000
G298.6992-01.7067,97.102000
G298.7136+00.3103,1.002000
G298.8117-00.4206,17.051000
G298.8332+00.1279,202.530000
G298.9008-00.4930,7.528000
G299.5265+00.1478,23.007000
G299.5354-00.0213,5.225000
G299.5620-00.3837,0.831000
G300.3412-00.2190,40.839000
G301.5309-00.8231,14.478000
G302.0213+00.2542,255.176000
G302.0319-00.0613,1367.920000
G302.4546-00.7401,125.707000
G302.4867-00.0308,432.323000
G302.5005-00.7701,28.607000
G302.6604-00.7908,24.915000
G303.1179-00.9710,427.635000
G303.3848-00.9658,15.074000
G303.5353-00.5982,102.352000
G303.9973+00.2800,142.810000
G304.5719+00.7163,7.272000
G304.6668-00.9654,217.774000
G304.7592-00.6299,43.010000
G304.7700-00.5193,45.691000
G305.0300+00.1791,4.958000
G305.1370+00.2439,2.219000
G305.1543+00.1685,72.422000
G305.1715+00.0836,10.412000
G305.1775+00.1625,80.229000
G305.1940-00.0051,343.752000
G305.1967+00.0335,1746.550000
G305.2025+00.0099,70.688000
G305.2242+00.2028,143.320000
G305.2339+00.2151,65.623000
G305.2494-00.0181,42.255000
G305.2587+00.1565,34.080000
G305.2766+00.1673,123.953000
G305.2866+00.2316,45.325000
G305.2958+00.0410,2.655000
G305.3009+00.2078,17.657000
G305.3012+00.0971,63.721000
G305.3210+00.0706,946.791000
G305.3611+00.1494,1796.970000
G305.3719+00.1837,373.529000
G305.4399+00.2103,82.622000
G305.4748-00.0961,216.991000
G305.4840+00.2248,46.759000
G305.5263-00.0368,110.482000
G305.5345+00.3499,67.102000
G305.5393+00.3394,50.607000
G305.6039-00.6904,59.931000
G305.7893+00.2807,18.864000
G305.8067+00.0179,42.435000
G305.9072-00.9121,1.195000
G305.9402-00.1634,119.937000
G306.0951-00.4778,25.023000
G306.1260-01.1371,1.746000
G307.3950-00.5838,44.954000
G307.5240-00.2774,3.326000
G307.5606-00.5871,1564.420000
G307.6213-00.2622,462.973000
G307.6519-01.0411,4.410000
G307.7359-00.5945,65.665000
G308.0049-00.3868,34.371000
G308.0314-01.0529,370.966000
G308.0813-00.4131,135.598000
G308.2010-01.0199,102.015000
G308.2973-00.7046,66.860000
G308.3653-00.5085,1.029000
G308.6391+00.5685,48.390000
G308.6499+00.5941,4.291000
G308.6537+00.6003,5.932000
G308.6590-00.4443,1.900000
G308.6876+00.5241,28.711000
G308.7008+00.5312,30.914000
G308.7346-00.5086,118.868000
G308.7452+00.5482,82.061000
G308.9873-00.7323,46.967000
G309.0213+00.8906,18.322000
G309.1596-00.5936,313.544000
G309.1773-00.0278,211.984000
G309.1932+00.9910,7.418000
G309.2203-00.4619,114.244000
G309.2975-00.4099,42.120000
G309.3086+00.5317,9.115000
G309.4230-00.6208,71.259000
G309.8886+00.3982,712.432000
G309.9369-00.1724,1.685000
G310.0135+00.3892,1634.310000
G310.5163-00.2179,223.356000
G310.6311-00.4290,3.343000
G310.6819-00.9288,0.956000
G310.8494-01.3787,36.403000
G311.0341+00.3791,41.719000
G311.0593-00.3349,12.160000
G311.1359-00.2372,70.827000
G311.1794-00.0720,188.539000
G311.2292-00.0315,63.049000
G311.4031-01.2308,17.476000
G311.4163+00.9162,7.367000
G311.4402+00.4243,89.809000
G311.4742+00.4010,63.154000
G311.4824+00.3602,139.320000
G311.5123+00.3528,5.699000
G311.5131-00.4532,135.574000
G311.5671+00.3189,28.838000
G311.5955-00.3981,53.949000
G311.6434-00.3804,663.963000
G311.6833-00.6254,7.620000
G311.9668-00.0490,5.444000
G312.3070+00.6613,267.312000
G312.5472-00.2801,149.782000
G313.3582-00.9386,7.661000
G313.4573+00.1934,660.561000
G313.6403+00.3107,8.616000
G313.6668-00.1023,40.088000
G313.7051-00.1895,267.925000
G313.7849+00.7116,29.213000
G314.1746+00.4982,35.061000
G314.2204+00.2726,1150.180000
G314.2462+00.4174,211.272000
G314.2674+00.0915,140.600000
G314.2853+00.4295,150.201000
G314.2964+00.1009,72.620000
G314.3197+00.1125,423.910000
G314.9155-00.0487,1.071000
G315.4195-00.3140,22.186000
G316.2267-00.6453,12.325000
G316.2473+00.8836,15.651000
G316.3627-00.3631,271.923000
G316.5356+00.8814,0.755000
G316.5871-00.8086,183.627000
G316.7670-00.0335,101.758000
G316.7786-00.0867,48.238000
G316.7949-00.0777,121.050000
G316.8021-00.0614,263.108000
G316.8149-01.1058,4.525000
G317.2046-00.7581,59.696000
G317.4298-00.5612,880.698000
G317.4660-00.5252,115.269000
G317.8908-00.0578,229.174000
G318.1707-00.4676,16.292000
G318.1888-01.2651,93.166000
G318.2425+00.1142,15.165000
G318.3507-00.3972,147.251000
G318.4243-00.2575,4.341000
G318.7748-00.1513,434.659000
G318.9148-00.1647,1736.710000
G318.9827+00.3224,1.462000
G319.1632-00.4208,1005.690000
G319.3400+00.9138,18.728000
G319.3611-00.0058,11.048000
G319.4526-00.0221,224.232000
G319.6379+00.1361,13.595000
G319.8366-00.1963,219.572000
G320.1524+00.7924,98.258000
G320.1542+00.7976,47.469000
G320.1640+00.8168,43.129000
G320.2429-00.3247,12.175000
G320.2434-00.2801,3.155000
G320.2585-00.3050,25.134000
G320.2721-00.3447,94.168000
G320.2740-00.3357,13.433000
G320.3311-00.3069,382.448000
G320.3769+00.1736,9.885000
G320.6693+00.1520,40.377000
G320.6747+00.2452,241.495000
G320.9062-00.2928,106.626000
G321.3824-00.2861,53.304000
G322.0814+00.9433,11.281000
G322.1587+00.6256,1149.520000
G322.4679+00.6627,40.440000
G322.4683-00.1780,22.407000
G323.2452+00.6498,12.487000
G323.7986+00.0173,156.596000
G324.0609-00.2125,3.818000
G324.1594+00.2622,84.635000
G324.8244-01.1658,15.834000
G324.9236-00.5686,953.567000
G325.1158+00.0078,4.804000
G325.3566-00.0422,11.393000
G325.5159+00.4147,117.290000
G325.5897+00.4494,2.068000
G325.5964+00.0912,67.833000
G326.4464+00.9062,898.919000
G326.4745+00.3700,54.611000
G326.4755+00.6947,200.660000
G326.5176-00.6332,191.047000
G326.5297-00.4186,96.397000
G326.5798+00.8094,4.755000
G326.6570+00.5912,588.381000
G326.8848-00.2766,150.875000
G326.9349+00.0028,17.576000
G327.0156+00.0414,1.157000
G327.0506-00.2124,54.216000
G327.1012-00.2632,50.680000
G327.1192+00.5103,1235.030000
G327.1309-00.2655,230.134000
G327.2456-00.6383,6.323000
G327.2633-00.4997,79.933000
G327.2649-00.5539,106.103000
G327.2688-00.5711,189.919000
G327.3859+00.4791,8.224000
G327.4014+00.4454,1355.290000
G327.4071-00.0683,14.599000
G327.5321-00.8666,5.164000
G327.6184-00.1109,49.669000
G327.8289-00.8880,7.240000
G327.8483+00.0175,122.467000
G327.9018+00.1538,90.032000
G327.9205+00.0921,11.030000
G328.0034-00.0884,88.792000
G328.1917-00.5763,186.190000
G328.2275-00.2714,36.797000
G328.2842+00.4474,85.925000
G328.2918-00.5376,12.006000
G328.3442-00.4629,0.863000
G328.4051-00.2135,4.379000
G328.4763-00.3421,33.433000
G328.5487+00.2717,91.579000
G328.8154+01.0230,2.599000
G328.8179-00.0019,23.257000
G328.9480+00.5709,5.992000
G328.9580+00.5671,656.060000
G328.9842-00.4361,32.051000
G329.0663-00.3081,189.204000
G329.2464+00.3602,34.133000
G329.3371+00.1469,5704.600000
G329.3402-00.6436,18.265000
G329.4211-00.1631,143.612000
G329.4761+00.8414,405.208000
G329.4925+00.8308,10.254000
G330.0392-00.0586,87.704000
G330.1487-00.2232,1.917000
G330.2845+00.4933,316.653000
G330.4720-01.2881,11.356000
G330.5821-01.4303,3.897000
G330.7167-00.4366,15.236000
G330.7223+00.1779,4.058000
G330.8768-00.3836,375.818000
G330.9288-00.4070,193.108000
G330.9544-00.1817,10014.900000
G331.0439-00.1661,34.539000
G331.0931-00.1303,111.657000
G331.0967-00.6433,5.301000
G331.1194-00.4955,140.704000
G331.1277-00.4814,173.617000
G331.1282-00.2436,422.094000
G331.1465+00.1343,113.909000
G331.1678-00.4580,242.076000
G331.2401+01.0616,129.560000
G331.3312-00.3316,33.908000
G331.3532+01.1498,70.461000
G331.3582-00.0095,71.325000
G331.3751-00.0105,37.677000
G331.4117+00.0154,106.048000
G331.4181-00.3546,624.547000
G331.5198-00.0326,52.639000
G331.5259-00.0833,437.286000
G331.5383-00.3072,130.743000
G331.5487-00.5364,1.438000
G331.5651+00.2883,35.315000
G331.6035-00.1081,361.577000
G331.7278-01.0115,109.579000
G331.7434-00.0724,53.252000
G331.7953-00.0979,300.925000
G332.0939-00.4206,1259.970000
G332.1499-00.4245,35.973000
G332.1544-00.4487,1405.900000
G332.1575-00.4691,152.086000
G332.3165+00.0817,18.011000
G332.3568-00.2525,1.091000
G332.4606-00.0826,7.741000
G332.5438-00.1277,205.447000
G332.5984+00.4741,3.236000
G332.6925+00.1479,14.446000
G332.7673-00.0069,101.175000
G332.7867-00.2404,40.026000
G332.8151-00.6543,15.387000
G332.9868-00.4871,553.498000
G333.0299-00.0645,502.723000
G333.0462-00.5643,17.835000
G333.0682-00.4461,1563.890000
G333.0926-00.4615,98.153000
G333.1153+00.0950,17.035000
G333.1256-00.4367,1252.930000
G333.1969-00.4352,85.497000
G333.2008-00.9280,19.000000
G333.2636-00.2948,63.430000
G333.2880-00.3907,1394.940000
G333.3072-00.3666,2187.950000
G333.3151+00.1053,444.407000
G333.3401-00.1273,201.828000
G333.3833+00.9198,9.379000
G333.4747-00.2366,49.797000
G333.5779-00.0886,9.228000
G333.5792-00.0735,33.695000
G333.5924-00.0719,47.649000
G333.5974-00.1675,16.974000
G333.6032-00.2184,2951.630000
G333.6227-00.2493,117.901000
G333.6244-00.0751,27.856000
G333.6266-00.2552,14.321000
G333.6302-00.2558,228.709000
G333.6501-00.1821,61.857000
G333.6588-00.2175,47.221000
G333.6788-00.4344,118.836000
G333.7339-00.4267,247.888000
G333.7608-00.2253,25.386000
G333.9255-00.1042,7.093000
G333.9305-00.1319,78.784000
G333.9772+00.4424,3.248000
G334.0256-00.0502,115.457000
G334.1602-00.0604,26.292000
G334.1951+00.1907,68.375000
G334.2019+00.1872,54.076000
G334.3272-00.2884,109.334000
G334.3417+00.0455,244.164000
G334.3602+00.0579,2.250000
G334.7202+00.1762,7.174000
G334.7225-00.6539,221.055000
G334.7302+00.0052,111.262000
G335.1416+00.4939,10.162000
G335.1972-00.3884,95.815000
G335.3305+00.4121,92.283000
G335.3910-00.2902,104.087000
G335.4909-00.4137,6.301000
G335.5783-00.2075,76.573000
G335.6052+00.0423,2.620000
G335.7288-00.0966,49.411000
G335.9462+00.0296,70.207000
G335.9462-01.3540,6.255000
G335.9960-00.8532,0.797000
G336.0753-01.0835,28.979000
G336.0778+00.0361,80.961000
G336.2344+00.5067,31.116000
G336.2822-00.0512,19.479000
G336.4070-00.2502,103.848000
G336.4130+00.0292,18.535000
G336.4524-00.0538,2.195000
G336.4822+00.0942,17.561000
G336.5396-00.1819,108.551000
G336.5488-00.2081,94.815000
G336.6445-00.6953,78.968000
G336.6503-00.2197,1.376000
G336.6964+00.0268,173.213000
G336.7416+00.0554,39.115000
G336.7725+00.2463,80.013000
G336.7975+00.0308,130.507000
G336.8308-00.3752,130.369000
G336.8359-00.0307,30.342000
G336.8399+00.0001,106.577000
G336.8455-00.0096,77.117000
G336.8654+00.0182,82.385000
G336.8877+00.0483,287.351000
G336.9842-00.1835,427.665000
G337.0028-00.0303,47.605000
G337.0047+00.3226,352.917000
G337.0470-00.0011,84.769000
G337.0780-00.1867,5.018000
G337.0924-00.0597,27.153000
G337.0963-00.9291,224.771000
G337.1555-00.3951,61.979000
G337.1874-00.0589,217.252000
G337.1905-00.1194,27.003000
G337.2802-00.1596,113.270000
G337.2845-00.1137,102.575000
G337.6175-00.0618,276.997000
G337.6651-00.1750,300.952000
G337.6896-00.3463,21.574000
G337.7190+00.3501,6.492000
G337.8442-00.3748,1115.510000
G337.9266-00.4588,2096.220000
G337.9704-00.4582,2.173000
G337.9715+00.0908,93.127000
G337.9896+01.1341,2.185000
G337.9947+00.0770,264.753000
G337.9955-00.0963,29.205000
G338.0074+00.0177,268.305000
G338.0641-00.0690,103.990000
G338.2231+00.4606,2.383000
G338.2253-00.5094,112.469000
G338.2642-00.3632,37.521000
G338.2900-00.3729,59.927000
G338.3214+00.1983,44.515000
G338.3253+00.1541,158.912000
G338.3403+00.1283,74.901000
G338.3581-00.0252,87.293000
G338.3583+00.0570,1.844000
G338.3667-00.0971,35.832000
G338.3739-00.1519,156.806000
G338.3767+00.0902,12.872000
G338.3873+00.7249,0.782000
G338.3978+00.0721,35.684000
G338.3996-00.4074,94.400000
G338.4033+00.0338,79.822000
G338.4050-00.2033,465.166000
G338.4090+00.1837,205.643000
G338.4357+00.0591,1183.490000
G338.4450+00.0286,120.789000
G338.4605-00.2584,169.377000
G338.4951+00.0743,86.202000
G338.6281+00.1399,14.351000
G338.6811-00.0844,284.047000
G338.7023+00.6435,10.847000
G338.8806+00.5339,64.516000
G338.8872+00.5963,141.551000
G338.9124+00.5729,66.317000
G338.9173+00.3824,337.502000
G338.9196+00.5495,979.080000
G338.9217+00.6233,251.119000
G338.9341-00.0623,264.350000
G339.0596+00.1224,0.838000
G339.1052+00.1490,317.958000
G339.2098+00.0857,84.252000
G339.3316+00.0964,56.972000
G339.3940-00.4084,17.176000
G339.5090+00.6584,6.245000
G339.5472-00.3875,11.611000
G339.5578-00.4171,5.725000
G339.5664-00.0866,66.587000
G339.5809+00.0845,260.305000
G339.5836-00.1265,27.194000
G339.6221-00.1209,872.426000
G339.7475+00.0947,115.663000
G339.8941-00.3419,7.760000
G339.9267-00.0837,119.645000
G339.9489-00.5401,399.088000
G339.9797-00.5391,532.642000
G340.0511-00.2334,133.709000
G340.1412-01.0532,6.594000
G340.1537+00.5116,11.853000
G340.2480-00.3725,864.192000
G340.2490-00.0460,978.396000
G340.2768-00.2104,132.986000
G340.3314-00.2733,29.142000
G340.3613+01.1713,1.931000
G340.4214-00.0230,11.869000
G340.5050+00.3153,6.043000
G340.5392+00.7661,3.991000
G340.7455-01.0021,525.318000
G340.8610-00.8777,15.832000
G341.2105-00.2325,241.644000
G341.2182-00.2136,599.438000
G341.2664-00.3505,1.863000
G341.2753-00.7199,1.656000
G341.4407+00.2980,11.568000
G341.9375+00.7731,0.949000
G342.0691-00.1454,1.518000
G342.1467+00.0109,23.274000
G342.2263-00.3801,13.817000
G342.3586+00.1060,212.833000
G342.3855+00.1224,111.693000
G342.3891-00.0723,11.072000
G342.7748-00.0882,25.502000
G342.8089-00.3825,4.993000
G342.8614-00.5274,0.748000
G342.9583-00.3180,92.434000
G343.3670-00.2334,20.997000
G343.4733-00.0027,2.446000
G343.5024-00.0145,1024.050000
G343.5213-00.5171,311.249000
G343.5928-00.1523,27.516000
G343.6489-00.1842,48.116000
G343.9033-00.6713,96.558000
G344.1068-00.6688,24.585000
G344.2207-00.5953,1548.770000
G344.3132-01.1177,1.922000
G344.3976+00.0533,53.614000
G344.5043+00.0512,0.538000
G344.5337-00.4196,44.682000
G344.5818-00.0232,815.212000
G344.6608+00.3401,41.343000
G344.8532+00.7985,0.400000
G344.9293+00.0136,195.452000
G344.9898-00.2764,238.455000
G345.2124+01.0233,315.439000
G345.3766-00.9023,114.141000
G345.4800+00.1392,9.293000
G345.4891+00.3969,2.818000
G345.5043+00.3480,3330.600000
G345.5928-00.0541,150.063000
G345.6985-00.0894,194.850000
G345.7198+00.1492,144.901000
G345.8044+00.0481,147.675000
G345.9561+00.6123,14.912000
G346.1544+00.0422,16.941000
G346.2331-00.3197,153.428000
G346.3273+00.1251,34.093000
G346.5235+00.0839,356.833000
G346.9409-00.3142,17.719000
G346.9951+00.4074,0.312000
G347.0775-00.3927,25.882000
G347.0971+00.2000,7.532000
G347.2667+00.0203,109.345000
G347.2981+00.2830,3.642000
G347.3054+00.0153,107.563000
G347.3100-00.1095,6.192000
G347.6031+00.2065,224.469000
G347.6162+00.1517,247.993000
G347.6236+00.1251,42.657000
G347.6438+00.1650,78.548000
G347.7631-00.7107,2.322000
G347.7715+00.1295,6.264000
G347.8252-00.0657,63.811000
G347.8410+00.2472,64.009000
G347.8944-00.1713,69.191000
G347.9182-00.7611,131.415000
G347.9450+00.3524,8.439000
G347.9742-00.4508,10.403000
G348.0030+00.0728,106.247000
G348.0679+00.2043,2.268000
G348.0688+00.1643,47.039000
G348.2987+00.0970,6.113000
G348.5312-00.9714,410.686000
G348.5316-00.6651,4.884000
G348.6132-00.9096,191.704000
G348.6600-01.0446,153.785000
G348.6682-00.7147,10.498000
G348.6855-01.0364,194.749000
G348.7121+00.3279,113.187000
G348.8683-00.5534,0.935000
G348.9412-00.1081,8.187000
G348.9904+01.5148,0.394000
G349.0944+00.0807,40.616000
G349.1137+00.4316,2.000000
G349.1191-00.4424,8.800000
G349.1469-00.9765,49.245000
G349.1772+00.0277,8.478000
G349.2866+00.4602,2.027000
G349.3274+00.0202,21.001000
G349.3514-00.2114,99.969000
G349.3747-00.6404,1.989000
G349.5090+01.0555,756.557000
G349.5166-00.5247,1.788000
G349.5318-00.3781,1.642000
G349.5338+00.2441,1.105000
G349.6750+00.3194,1.078000
G349.8038-00.3209,33.998000
G349.8101-00.1775,1.836000
G349.8135-00.5618,13.561000
